metric_id,metric_class,predicted_gap_rank,panel_level_not_per_checkpoint,see_instead,readout,n_checkpoints_with_value,n_families_with_pair,lofo_ba,tuned_ba,gap,lofo_n_groups,lofo_n_used,lolo_ba,lolo_gap,primary_holdout,primary_ba,primary_gap,auroc_2way,null_null_mean,null_null_sd,null_null_p95,null_percentile,null_p_value,null_n_draws_usable,ci_lo,ci_hi,boot_mean,n_boot_usable,lofo_ba_3way,tuned_ba_3way,primary_ba_3way,gap_3way,n_independent_safety_lineages,three_way_status,family_separability_ba,separates_family_more_than_role
k_harm_proj_gap,LEVEL-KNOWLEDGE,3.0,False,,probe_cf,15,3,nan,0.7,nan,3,10,0.4,0.29999999999999993,lineage,0.4,0.29999999999999993,0.68,0.43633333333333324,0.048095968877050616,0.5,0.0,1.0,300,0.125,0.7183603896103893,0.44980552165954846,298,0.19999999999999998,0.4000000000000001,0.06666666666666667,0.2000000000000001,3,DESCRIPTIVE ONLY (below the pre-registered floor of 5 independent safety lineages),0.2916666666666667,False
k_harm_probe_auroc,LEVEL-KNOWLEDGE,3.0,False,,probe_cf,15,3,nan,0.5,nan,3,10,0.30000000000000004,0.19999999999999996,lineage,0.30000000000000004,0.19999999999999996,0.6000000000000001,0.4943333333333333,0.19765598622072866,0.7,0.0,1.0,300,0.16666666666666666,0.7787499999999995,0.40747140629690964,298,0.19999999999999998,0.4666666666666666,0.13333333333333333,0.2666666666666666,3,DESCRIPTIVE ONLY (below the pre-registered floor of 5 independent safety lineages),0.5166666666666667,True
k_harm_probe_auroc_max,LEVEL-KNOWLEDGE,3.0,False,,probe_cf,15,3,nan,0.5,nan,3,10,0.30000000000000004,0.19999999999999996,lineage,0.30000000000000004,0.19999999999999996,0.6000000000000001,0.4943333333333333,0.19765598622072866,0.7,0.0,1.0,300,0.16666666666666666,0.7787499999999995,0.40747140629690964,298,0.19999999999999998,0.4666666666666666,0.13333333333333333,0.2666666666666666,3,DESCRIPTIVE ONLY (below the pre-registered floor of 5 independent safety lineages),0.5166666666666667,True
k_harm_probe_depth_frac,LEVEL-KNOWLEDGE,3.0,False,,probe_cf,15,3,nan,0.6000000000000001,nan,3,10,0.4,0.20000000000000007,lineage,0.4,0.20000000000000007,0.5800000000000001,0.39999999999999997,5.551115123125783e-17,0.4,0.0,1.0,300,0.25,0.6174107142857141,0.43944151486097793,298,0.13333333333333333,0.46666666666666673,0.06666666666666667,0.33333333333333337,3,DESCRIPTIVE ONLY (below the pre-registered floor of 5 independent safety lineages),0.25,False
k_harm_dir_norm,LEVEL-KNOWLEDGE,3.0,False,,probe_cf,15,3,nan,0.8,nan,3,10,0.6,0.20000000000000007,lineage,0.6,0.20000000000000007,0.76,0.4746666666666668,0.2196016595768094,0.8,52.666666666666664,0.4750830564784053,300,0.09041666666666667,0.9,0.5391452274422073,298,0.19999999999999998,0.6,0.19999999999999998,0.4,3,DESCRIPTIVE ONLY (below the pre-registered floor of 5 independent safety lineages),0.5583333333333333,False
k_ams_sep_cf,LEVEL-KNOWLEDGE,3.0,False,,probe_cf,15,3,nan,0.6,nan,3,10,0.6,0.0,lineage,0.6,0.0,0.8,0.4843333333333334,0.2353463169222941,0.8,54.333333333333336,0.4584717607973422,300,0.25,0.9,0.5309413647500896,298,0.19999999999999998,0.39999999999999997,0.19999999999999998,0.19999999999999998,3,DESCRIPTIVE ONLY (below the pre-registered floor of 5 independent safety lineages),0.25,False
k_ams_sep_insample,LEVEL-KNOWLEDGE,3.0,False,,probe_cf,15,3,nan,0.5,nan,3,10,0.5,0.0,lineage,0.5,0.0,0.52,0.48900000000000005,0.17562934454887275,0.7,51.0,0.49169435215946844,300,0.125,0.5833333333333333,0.3864150251314681,298,0.20000000000000004,0.4666666666666666,0.06666666666666667,0.2666666666666666,3,DESCRIPTIVE ONLY (below the pre-registered floor of 5 independent safety lineages),0.27499999999999997,False
k_ams_layer_frac,LEVEL-KNOWLEDGE,3.0,False,,probe_cf,15,3,nan,0.6,nan,3,10,0.2,0.39999999999999997,lineage,0.2,0.39999999999999997,0.56,0.4276666666666667,0.2177182174789749,0.7,0.0,1.0,300,0.0,1.0,0.3210977827169102,298,0.06666666666666667,0.3333333333333333,0.0,0.26666666666666666,3,DESCRIPTIVE ONLY (below the pre-registered floor of 5 independent safety lineages),0.25,True
k_twin_probe_auroc,LEVEL-KNOWLEDGE,3.0,False,,probe_cf,15,3,nan,0.7,nan,3,10,0.1,0.6,lineage,0.1,0.6,0.56,0.5083333333333333,0.26400231480466646,0.9,0.0,1.0,300,0.1,1.0,0.3656376202097678,298,0.19999999999999998,0.7333333333333334,0.06666666666666667,0.5333333333333334,3,DESCRIPTIVE ONLY (below the pre-registered floor of 5 independent safety lineages),0.6666666666666666,True
k_hrci_repr,LEVEL-KNOWLEDGE,3.0,False,,probe_cf,15,3,nan,0.8,nan,3,10,0.8,0.0,lineage,0.8,0.0,0.8,0.47333333333333333,0.29870089089626467,0.8,76.66666666666667,0.23588039867109634,300,0.25,1.0,0.6214230633274258,298,0.3333333333333333,0.5333333333333333,0.26666666666666666,0.2,3,DESCRIPTIVE ONLY (below the pre-registered floor of 5 independent safety lineages),0.5166666666666667,False
k_hrci_cca,LEVEL-KNOWLEDGE,3.0,False,,probe_cf,15,3,nan,0.8,nan,3,10,0.5,0.30000000000000004,lineage,0.5,0.30000000000000004,0.8,0.4423333333333334,0.14482594917885244,0.7,53.0,0.4717607973421927,300,0.11062500000000001,1.0,0.5450290295088952,298,0.20000000000000004,0.6666666666666666,0.3333333333333333,0.46666666666666656,3,DESCRIPTIVE ONLY (below the pre-registered floor of 5 independent safety lineages),0.5583333333333333,True
k_refusal_probe_auroc,LEVEL-KNOWLEDGE,3.0,False,,probe_cf,15,3,nan,0.8,nan,3,10,0.6,0.20000000000000007,lineage,0.6,0.20000000000000007,0.76,0.44933333333333336,0.21824960226513332,0.8,62.0,0.38205980066445183,300,0.25,1.0,0.595596787626989,298,0.19999999999999998,0.6666666666666666,0.19999999999999998,0.4666666666666667,3,DESCRIPTIVE ONLY (below the pre-registered floor of 5 independent safety lineages),0.3416666666666666,False
b_logit_gap_mean,LEVEL-BEHAVIOUR-STRUCTURE,1.0,False,,probe_cf,15,3,nan,0.9,nan,3,10,0.8,0.09999999999999998,lineage,0.8,0.09999999999999998,1.0,0.45166666666666666,0.22292873799091542,0.8,92.66666666666666,0.07641196013289037,300,0.25,1.0,0.7811261585170981,298,0.19999999999999998,0.6,0.3333333333333333,0.4,3,DESCRIPTIVE ONLY (below the pre-registered floor of 5 independent safety lineages),0.16666666666666666,False
b_logit_gap_harmful,LEVEL-BEHAVIOUR-STRUCTURE,1.0,False,,probe_cf,15,3,nan,0.8,nan,3,10,0.8,0.0,lineage,0.8,0.0,1.0,0.451,0.21733001019954268,0.8,89.0,0.11295681063122924,300,0.25,1.0,0.738500719079578,298,0.19999999999999998,0.6666666666666666,0.3333333333333333,0.4666666666666667,3,DESCRIPTIVE ONLY (below the pre-registered floor of 5 independent safety lineages),0.16666666666666666,False
b_logit_gap_alarming,LEVEL-BEHAVIOUR-STRUCTURE,1.0,False,,probe_cf,15,3,nan,0.8,nan,3,10,0.8,0.0,lineage,0.8,0.0,0.96,0.45133333333333336,0.18338908243283064,0.7,95.66666666666667,0.046511627906976744,300,0.25,1.0,0.7025978868260747,298,0.20000000000000004,0.4666666666666666,0.19999999999999998,0.2666666666666666,3,DESCRIPTIVE ONLY (below the pre-registered floor of 5 independent safety lineages),0.3333333333333333,False
b_first_token_entropy,LEVEL-BEHAVIOUR-STRUCTURE,1.0,False,,probe_cf,15,3,nan,0.7,nan,3,10,0.5,0.19999999999999996,lineage,0.5,0.19999999999999996,0.6000000000000001,0.48533333333333334,0.14065876755072496,0.7,28.666666666666668,0.7142857142857143,300,0.25,0.6666666666666666,0.44526024869984604,298,0.06666666666666667,0.5333333333333333,0.13333333333333333,0.4666666666666667,3,DESCRIPTIVE ONLY (below the pre-registered floor of 5 independent safety lineages),0.6,True
b_refusal_token_mass,LEVEL-BEHAVIOUR-STRUCTURE,1.0,False,,probe_cf,15,3,nan,0.8,nan,3,10,0.8,0.0,lineage,0.8,0.0,0.8,0.4826666666666667,0.23244975562234713,0.8,78.0,0.22259136212624583,300,0.25,1.0,0.6403543464365612,298,0.26666666666666666,0.6666666666666666,0.26666666666666666,0.39999999999999997,3,DESCRIPTIVE ONLY (below the pre-registered floor of 5 independent safety lineages),0.3333333333333333,False
b_refusal_rate_probe,LEVEL-BEHAVIOUR-STRUCTURE,1.0,False,,probe_cf,14,3,nan,0.8,nan,3,9,0.55,0.25,lineage,0.55,0.25,0.8500000000000001,0.43299999999999994,0.21537409314957082,0.8,65.0,0.3521594684385382,300,0.25,1.0,0.551276777648729,246,0.13333333333333333,0.5333333333333333,0.26666666666666666,0.4,3,DESCRIPTIVE ONLY (below the pre-registered floor of 5 independent safety lineages),0.3333333333333333,False
b_card_regex_termswept,LEVEL-BEHAVIOUR-STRUCTURE,1.0,False,,probe_cf,24,3,0.9166666666666667,0.9166666666666667,0.0,8,17,0.9166666666666667,0.0,lineage,0.9166666666666667,0.0,1.0,0.5880050505050505,0.15299711903102187,0.7878787878787878,95.66666666666667,0.046511627906976744,300,0.7,1.0,0.9061036008606342,391,0.6587301587301587,0.8015873015873017,0.6587301587301587,0.14285714285714302,3,DESCRIPTIVE ONLY (below the pre-registered floor of 5 independent safety lineages),0.184375,False
b_card_regex_namefree,LEVEL-BEHAVIOUR-STRUCTURE,1.0,False,,probe_cf,24,3,0.45454545454545453,0.5,0.04545454545454547,8,17,0.45454545454545453,0.04545454545454547,lineage,0.45454545454545453,0.04545454545454547,0.5151515151515152,0.46626262626262627,0.03775319245381847,0.5,7.000000000000001,0.9302325581395349,300,0.26136363636363635,0.5,0.4312673686075221,391,0.24242424242424243,0.38095238095238093,0.30303030303030304,0.1385281385281385,3,DESCRIPTIVE ONLY (below the pre-registered floor of 5 independent safety lineages),0.109375,False
w_botgap_min,LEVEL-BEHAVIOUR-STRUCTURE,1.0,False,,probe_cf,18,3,0.5,0.5,0.0,5,13,0.4375,0.0625,lineage,0.4375,0.0625,0.675,0.5954999999999999,0.14978651474682228,0.7375,0.0,1.0,300,0.18333333333333335,0.5,0.4282439939663736,353,0.3333333333333333,0.425,0.2916666666666667,0.09166666666666667,3,DESCRIPTIVE ONLY (below the pre-registered floor of 5 independent safety lineages),0.325,False
w_botgap_frac_below,LEVEL-BEHAVIOUR-STRUCTURE,1.0,False,,probe_cf,24,3,0.5,0.5,0.0,8,17,0.5,0.0,lineage,0.5,0.0,0.5227272727272727,0.4642424242424243,0.039131996260261634,0.5,50.0,0.5016611295681063,300,0.22727272727272727,0.5321969696969697,0.43481670006606066,391,0.30303030303030304,0.35064935064935066,0.3333333333333333,0.047619047619047616,3,DESCRIPTIVE ONLY (below the pre-registered floor of 5 independent safety lineages),0.209375,False
w_botgap_bf16_min,LEVEL-BEHAVIOUR-STRUCTURE,1.0,False,,probe_cf,21,3,0.5,0.5,0.0,7,16,0.45,0.04999999999999999,lineage,0.45,0.04999999999999999,0.6500000000000001,0.5816666666666668,0.12482209562235184,0.7,0.0,1.0,300,0.22727272727272727,0.5,0.4549020530478331,391,0.3333333333333333,0.41111111111111115,0.3,0.07777777777777783,3,DESCRIPTIVE ONLY (below the pre-registered floor of 5 independent safety lineages),0.23214285714285715,False
w_bsa_w8_k1,LEVEL-BEHAVIOUR-STRUCTURE,1.0,False,,probe_cf,24,3,0.6666666666666666,0.7878787878787878,0.12121212121212122,8,17,0.6212121212121212,0.16666666666666663,lineage,0.6212121212121212,0.16666666666666663,0.7878787878787878,0.538080808080808,0.08548170402064549,0.6666666666666666,57.333333333333336,0.42857142857142855,300,0.5,0.9,0.6649739078767213,391,0.5252525252525252,0.494949494949495,0.494949494949495,-0.03030303030303022,3,DESCRIPTIVE ONLY (below the pre-registered floor of 5 independent safety lineages),0.234375,False
w_bsa_w8_k4,LEVEL-BEHAVIOUR-STRUCTURE,1.0,False,,probe_cf,24,3,0.8712121212121212,0.8712121212121212,0.0,8,17,0.8257575757575758,0.045454545454545414,lineage,0.8257575757575758,0.045454545454545414,0.8484848484848484,0.5742171717171717,0.14101264025889457,0.8257575757575758,86.33333333333333,0.13953488372093023,300,0.5,1.0,0.7608858958603204,391,0.5505050505050505,0.5505050505050505,0.5505050505050505,0.0,3,DESCRIPTIVE ONLY (below the pre-registered floor of 5 independent safety lineages),0.234375,False
w_crosslayer_cos,LEVEL-BEHAVIOUR-STRUCTURE,1.0,False,,probe_cf,24,3,0.6666666666666666,0.7045454545454546,0.037878787878787956,8,17,0.6212121212121212,0.08333333333333337,lineage,0.6212121212121212,0.08333333333333337,0.8030303030303031,0.538080808080808,0.08548170402064549,0.6666666666666666,57.333333333333336,0.42857142857142855,300,0.5,0.9,0.6531194295900178,391,0.4444444444444444,0.5252525252525252,0.41414141414141414,0.08080808080808077,3,DESCRIPTIVE ONLY (below the pre-registered floor of 5 independent safety lineages),0.234375,False
w_tsa_top1_w8,LEVEL-BEHAVIOUR-STRUCTURE,1.0,False,,probe_cf,24,3,0.49242424242424243,0.5,0.007575757575757569,8,17,0.45454545454545453,0.04545454545454547,lineage,0.45454545454545453,0.04545454545454547,0.5606060606060606,0.4545454545454546,5.551115123125783e-17,0.45454545454545453,0.0,1.0,300,0.3181818181818182,0.5898944805194806,0.4629784786114709,391,0.3326118326118326,0.3376623376623377,0.30735930735930733,0.0050505050505051385,3,DESCRIPTIVE ONLY (below the pre-registered floor of 5 independent safety lineages),0.25,False
w_tsa_band_max,LEVEL-BEHAVIOUR-STRUCTURE,1.0,False,,probe_cf,24,3,0.49242424242424243,0.5,0.007575757575757569,8,17,0.45454545454545453,0.04545454545454547,lineage,0.45454545454545453,0.04545454545454547,0.5757575757575758,0.4545454545454546,5.551115123125783e-17,0.45454545454545453,0.0,1.0,300,0.3181818181818182,0.578327922077922,0.45945631875938786,391,0.3023088023088023,0.27705627705627706,0.27705627705627706,-0.02525252525252525,3,DESCRIPTIVE ONLY (below the pre-registered floor of 5 independent safety lineages),0.125,False
w_spectral_entropy,LEVEL-BEHAVIOUR-STRUCTURE,1.0,False,,probe_cf,24,3,0.5,0.5378787878787878,0.037878787878787845,8,17,0.5378787878787878,0.0,lineage,0.5378787878787878,0.0,0.6060606060606061,0.537878787878788,1.1102230246251565e-16,0.5378787878787878,0.0,1.0,300,0.4090909090909091,0.7045454545454546,0.5257527780545683,391,0.27272727272727276,0.43939393939393945,0.3282828282828283,0.16666666666666669,3,DESCRIPTIVE ONLY (below the pre-registered floor of 5 independent safety lineages),0.21875,False
w_down_botgap_min,LEVEL-BEHAVIOUR-STRUCTURE,1.0,False,,probe_cf,24,3,0.7878787878787878,0.7878787878787878,0.0,8,17,0.7878787878787878,0.0,lineage,0.7878787878787878,0.0,0.8333333333333334,0.49626262626262624,0.12276233027985928,0.7878787878787878,94.66666666666667,0.05647840531561462,300,0.36363636363636365,1.0,0.7426938364278518,391,0.5252525252525252,0.5808080808080808,0.5252525252525252,0.05555555555555558,3,DESCRIPTIVE ONLY (below the pre-registered floor of 5 independent safety lineages),0.078125,False
b_massive_act_depth,LEVEL-BEHAVIOUR-STRUCTURE,1.0,False,,probe_cf,0,3,nan,nan,nan,0,0,nan,nan,lineage,nan,nan,nan,,,,,,,,,,,,,,,,,nan,False
gfs_parent_anchored,LEVEL-BEHAVIOUR-STRUCTURE,1.0,False,,probe_cf,0,3,nan,nan,nan,0,0,nan,nan,lineage,nan,nan,nan,,,,,,,,,,,,,,,,,nan,False
x_c1_slope,ACROSS-ITEM,2.0,False,,probe_cf,15,3,nan,0.7,nan,3,10,0.6,0.09999999999999998,lineage,0.6,0.09999999999999998,0.84,0.461,0.1434538253236908,0.6,51.33333333333333,0.4883720930232558,300,0.4642857142857143,0.875,0.6076215777138595,298,0.20000000000000004,0.5333333333333333,0.3333333333333333,0.33333333333333326,3,DESCRIPTIVE ONLY (below the pre-registered floor of 5 independent safety lineages),0.39999999999999997,False
x_c1_r2,ACROSS-ITEM,2.0,False,,probe_cf,15,3,nan,0.8,nan,3,10,0.8,0.0,lineage,0.8,0.0,0.88,0.49833333333333335,0.23529532270933243,0.8,71.33333333333334,0.28903654485049834,300,0.25,1.0,0.659149621817407,298,0.26666666666666666,0.6666666666666666,0.26666666666666666,0.39999999999999997,3,DESCRIPTIVE ONLY (below the pre-registered floor of 5 independent safety lineages),0.3333333333333333,False
x_c1_spearman,ACROSS-ITEM,2.0,False,,probe_cf,15,3,nan,0.8,nan,3,10,0.7,0.10000000000000009,lineage,0.7,0.10000000000000009,0.8,0.48633333333333345,0.24449926153035492,0.8,67.33333333333333,0.3289036544850498,300,0.09041666666666667,1.0,0.6446987855544903,298,0.26666666666666666,0.6666666666666666,0.3333333333333333,0.39999999999999997,3,DESCRIPTIVE ONLY (below the pre-registered floor of 5 independent safety lineages),0.2916666666666667,False
x_c1_kendall,ACROSS-ITEM,2.0,False,,probe_cf,15,3,nan,0.8,nan,3,10,0.7,0.10000000000000009,lineage,0.7,0.10000000000000009,0.8400000000000001,0.482,0.2287851976563752,0.8,71.33333333333334,0.28903654485049834,300,0.22946428571428573,1.0,0.6471476510067113,298,0.26666666666666666,0.6666666666666666,0.3333333333333333,0.39999999999999997,3,DESCRIPTIVE ONLY (below the pre-registered floor of 5 independent safety lineages),0.25,False
x_c1_auroc_items,ACROSS-ITEM,2.0,False,,probe_cf,15,3,nan,0.8,nan,3,10,0.8,0.0,lineage,0.8,0.0,0.8400000000000001,0.4683333333333333,0.24704363087429632,0.8,71.33333333333334,0.28903654485049834,300,0.08333333333333333,1.0,0.6337201715137957,298,0.26666666666666666,0.6666666666666666,0.26666666666666666,0.39999999999999997,3,DESCRIPTIVE ONLY (below the pre-registered floor of 5 independent safety lineages),0.2916666666666667,False
x_decision_spread,ACROSS-ITEM,2.0,False,,probe_cf,15,3,nan,0.8,nan,3,10,0.6,0.20000000000000007,lineage,0.6,0.20000000000000007,0.8,0.44,0.1796292478040997,0.7,71.33333333333334,0.28903654485049834,300,0.25,0.9,0.5763968786619793,298,0.13333333333333333,0.4666666666666666,0.26666666666666666,0.33333333333333326,3,DESCRIPTIVE ONLY (below the pre-registered floor of 5 independent safety lineages),0.20833333333333334,False
x_g_iqr,ACROSS-ITEM,2.0,False,,probe_cf,15,3,nan,0.8,nan,3,10,0.8,0.0,lineage,0.8,0.0,0.88,0.45866666666666667,0.21203354032374738,0.8,89.0,0.11295681063122924,300,0.25,0.9,0.6313232395866624,298,0.13333333333333333,0.6,0.26666666666666666,0.4666666666666667,3,DESCRIPTIVE ONLY (below the pre-registered floor of 5 independent safety lineages),0.125,False
x_mutual_info,ACROSS-ITEM,2.0,False,,probe_cf,15,3,nan,0.8,nan,3,10,0.8,0.0,lineage,0.8,0.0,0.8,0.48899999999999993,0.2330500661517463,0.8,71.33333333333334,0.28903654485049834,300,0.125,1.0,0.6207214765100671,298,0.26666666666666666,0.7333333333333334,0.3333333333333333,0.46666666666666673,3,DESCRIPTIVE ONLY (below the pre-registered floor of 5 independent safety lineages),0.2916666666666667,False
x_category_dispersion,ACROSS-ITEM,2.0,False,,probe_cf,15,3,nan,0.8,nan,3,10,0.5,0.30000000000000004,lineage,0.5,0.30000000000000004,0.72,0.42433333333333334,0.14038478866632556,0.6,47.0,0.53156146179402,300,0.0,0.875,0.43789470689638477,298,0.0,0.6,0.13333333333333333,0.6,3,DESCRIPTIVE ONLY (below the pre-registered floor of 5 independent safety lineages),0.25,False
x_twin_delta,ACROSS-ITEM,2.0,False,,probe_cf,15,3,nan,0.8,nan,3,10,0.7,0.10000000000000009,lineage,0.7,0.10000000000000009,0.9199999999999999,0.4713333333333333,0.23490045172843374,0.8,67.33333333333333,0.3289036544850498,300,0.25,1.0,0.6595624267604134,298,0.26666666666666666,0.6,0.26666666666666666,0.3333333333333333,3,DESCRIPTIVE ONLY (below the pre-registered floor of 5 independent safety lineages),0.20833333333333334,False
x_twin_auroc_g,ACROSS-ITEM,2.0,False,,probe_cf,15,3,nan,0.9,nan,3,10,0.7,0.20000000000000007,lineage,0.7,0.20000000000000007,0.96,0.4586666666666667,0.22808965099032635,0.7,61.33333333333333,0.38870431893687707,300,0.41666666666666663,1.0,0.7148328321566577,298,0.26666666666666666,0.6,0.3333333333333333,0.3333333333333333,3,DESCRIPTIVE ONLY (below the pre-registered floor of 5 independent safety lineages),0.20833333333333334,False
x_calibration_slope,ACROSS-ITEM,2.0,False,,probe_cf,15,3,nan,0.8,nan,3,10,0.8,0.0,lineage,0.8,0.0,0.8400000000000001,0.4923333333333334,0.2338971758890836,0.8,78.0,0.22259136212624583,300,0.08333333333333333,1.0,0.640719878555449,298,0.19999999999999998,0.4666666666666666,0.26666666666666666,0.2666666666666666,3,DESCRIPTIVE ONLY (below the pre-registered floor of 5 independent safety lineages),0.20833333333333334,False
x_residual_dispersion,ACROSS-ITEM,2.0,False,,probe_cf,15,3,nan,0.8,nan,3,10,0.7,0.10000000000000009,lineage,0.7,0.10000000000000009,0.76,0.4793333333333334,0.24256866152814455,0.8,71.33333333333334,0.28903654485049834,300,0.2,1.0,0.578801679305035,298,0.06666666666666667,0.4666666666666666,0.3333333333333333,0.39999999999999997,3,DESCRIPTIVE ONLY (below the pre-registered floor of 5 independent safety lineages),0.2916666666666667,False
x_presentation_invariance,ACROSS-ITEM,2.0,False,,probe_cf,14,3,nan,1.0,nan,3,9,1.0,0.0,lineage,1.0,0.0,1.0,0.4661666666666667,0.21384645322182821,0.775,95.66666666666667,0.046511627906976744,300,0.6666666666666666,1.0,0.9383848133848135,259,0.21666666666666667,0.5499999999999999,0.4166666666666667,0.33333333333333326,3,DESCRIPTIVE ONLY (below the pre-registered floor of 5 independent safety lineages),0.2571428571428571,False
x_c3_depth_gap,ACROSS-ITEM,2.0,False,,probe_cf,8,3,nan,0.7083333333333333,nan,3,7,0.375,0.33333333333333326,lineage,0.375,0.33333333333333326,0.625,0.44055555555555553,0.20882423644872988,1.0,15.0,0.8504983388704319,300,0.2,0.875,0.4322756788665879,121,nan,0.47222222222222215,0.25,nan,3,DESCRIPTIVE ONLY (below the pre-registered floor of 5 independent safety lineages),0.26666666666666666,False
x_jss_nglare,ACROSS-ITEM,2.0,False,,probe_cf,15,3,nan,0.4,nan,3,10,0.3,0.10000000000000003,lineage,0.3,0.10000000000000003,0.52,0.40333333333333327,0.09994442900376634,0.5,0.0,1.0,300,0.225,0.6297916666666665,0.41654288571234876,298,0.13333333333333333,0.4000000000000001,0.20000000000000004,0.2666666666666667,3,DESCRIPTIVE ONLY (below the pre-registered floor of 5 independent safety lineages),0.20833333333333334,False
x_c5_ridge,ACROSS-ITEM,2.0,True,results/metamodel.json,probe_cf,0,3,nan,nan,nan,0,0,nan,nan,lineage,nan,nan,nan,,,,,,,,,,,,,,,,,nan,False
x_c5_lineage_gap,ACROSS-ITEM,2.0,True,results/metamodel.json,probe_cf,0,3,nan,nan,nan,0,0,nan,nan,lineage,nan,nan,nan,,,,,,,,,,,,,,,,,nan,False
z_act_norm_mid,NON-REGISTRY COMPARATOR,nan,False,,probe_cf,15,3,nan,0.5,nan,3,10,0.4,0.09999999999999998,lineage,0.4,0.09999999999999998,0.52,0.39999999999999997,5.551115123125783e-17,0.4,0.0,1.0,300,0.25,0.55,0.41540755106191346,298,0.20000000000000004,0.5333333333333333,0.13333333333333333,0.33333333333333326,3,DESCRIPTIVE ONLY (below the pre-registered floor of 5 independent safety lineages),0.6666666666666666,True
z_act_norm_cv,NON-REGISTRY COMPARATOR,nan,False,,probe_cf,15,3,nan,0.6000000000000001,nan,3,10,0.7,-0.09999999999999987,lineage,0.7,-0.09999999999999987,0.88,0.4266666666666667,0.12310790208412924,0.7,92.66666666666666,0.07641196013289037,300,0.25,0.875,0.6272862856755473,298,0.4000000000000001,0.46666666666666673,0.26666666666666666,0.06666666666666665,3,DESCRIPTIVE ONLY (below the pre-registered floor of 5 independent safety lineages),0.2916666666666667,False
z_act_norm_depthmean,NON-REGISTRY COMPARATOR,nan,False,,probe_cf,15,3,nan,0.5,nan,3,10,0.4,0.09999999999999998,lineage,0.4,0.09999999999999998,0.52,0.39999999999999997,5.551115123125783e-17,0.4,0.0,1.0,300,0.29166666666666663,0.6139880952380952,0.4308997816128688,298,0.26666666666666666,0.46666666666666673,0.13333333333333333,0.20000000000000007,3,DESCRIPTIVE ONLY (below the pre-registered floor of 5 independent safety lineages),0.6666666666666666,True
z_logit_gap_sd,NON-REGISTRY COMPARATOR,nan,False,,probe_cf,15,3,nan,0.4,nan,3,10,0.4,0.0,lineage,0.4,0.0,0.52,0.5076666666666667,0.113024579431005,0.7,8.333333333333332,0.9169435215946844,300,0.18083333333333335,0.5238095238095238,0.3892374124756675,298,0.06666666666666667,0.4000000000000001,0.13333333333333333,0.3333333333333334,3,DESCRIPTIVE ONLY (below the pre-registered floor of 5 independent safety lineages),0.6,True
z_first_token_id_entropy,NON-REGISTRY COMPARATOR,nan,False,,probe_cf,15,3,nan,0.9,nan,3,10,0.8,0.09999999999999998,lineage,0.8,0.09999999999999998,0.92,0.4586666666666667,0.2257392793073953,0.8,89.0,0.11295681063122924,300,0.25,0.9166666666666667,0.7040441568126131,298,0.13333333333333333,0.5333333333333333,0.39999999999999997,0.4,3,DESCRIPTIVE ONLY (below the pre-registered floor of 5 independent safety lineages),0.2916666666666667,False
